,skills
0,network certification
1,ci/
2,quantitative reasoning
3,spe_accommodation
4,spring boot
5,ksh
6,model maintenance
7,research engineer
8,ans
9,escal
10,cgi
11,social science
12,user analysis
13,evc
14,verneek
15,ag
16,information retrieval
17,testing
18,manufacturing intelligence
19,3d games
20,model application
21,business
22,server
23,system assessment
24,git-based
25,typescript
26,media security
27,siri
28,sql development
29,microsoft
30,database technologies
31,cisa
32,sas
33,solution architects
34,git
35,business insights
36,aws lambda
37,asp
38,ml scientist/engineer
39,asp.net
40,asterisk
41,systems analysis
42,angular/typescript
43,executive
44,ui/ux
45,data collection
46,orm
47,cybersecurity strategies
48,terraform
49,gcp
50,oracle sql
51,poa&m
52,agile methodologies
53,data division
54,explainable ai
55,documents verifying
56,technology
57,virtualization
58,django
59,3d design
60,join cgi
61,windows emb
62,supply chain
63,sage
64,c++
65,cortex™
66,db
67,nlp
68,aws well-
69,pytorch
70,siem
71,autodesk software
72,ci/cd pipeline
73,eeo
74,javascript (
75,sqlexpert
76,angular 10+
77,cybersecurity
78,cloud providers
79,angular 2+
80,vendor management
81,about behavox
82,marketplace design
83,jpl hysds
84,phishing
85,gcp/
86,text analytics
87,apache camel
88,typesc
89,hadoop
90,iot
91,reliability statistics
92,computerized databases
93,web
94,edplus
95,data science
96,tls
97,gitlab
98,qa testing
99,databricks
100,dbadub
101,xct
102,digital advertising
103,goodrx
104,vision insurance
105,climate tech
106,natural history
107,business analytics
108,cs fundamentals
109,daos
110,vanilla js
111,drupal/php
112,skechers
113,telework
114,tubi
115,back end
116,cybercoders
117,cloud operations
118,sap bob
119,front end
120,cloud-based applications
121,reporting services
122,swiftui
123,medidata
124,user experience-
125,demonware
126,thena
127,azureml
128,data transformation
129,tpl
130,svn
131,data preparation
132,postgre
133,optical products
134,public
135,back-end
136,generation
137,blockchain technology
138,frontend web
139,incident handling
140,live
141,node +
142,non-streaming
143,strategic engagement
144,cortex™ xsoar
145,natilus
146,eurofins scientific
147,gat
148,dq
149,salesforce apex
150,hybrid cloud
151,agile
152,clinical operations
153,hugging
154,linux desktop
155,ibm watson
156,etl
157,ml
158,sass
159,azure environments
160,vue js
161,enterprise intelligence
162,information assurance
163,mongodb
164,cloud leader
165,documentation
166,atlanta
167,crypto
168,abm
169,it networking
170,react.js
171,specialist
172,jsoc
173,seo
174,systems engineering
175,de
176,continuous monitoring
177,optel
178,ggplot2
179,information support
180,flinks
181,sql db
182,aws ecs
183,process design
184,metabase
185,kernel
186,user management
187,azuredevops
188,tools
189,unix-based command-line
190,sty
191,database monitoring
192,agile/iterative software
193,product analytics
194,penetration testing
195,hive/hado
196,arm
197,waterfall
198,ci/cd
199,java 8
200,shapeless
201,delivery
202,react js
203,web3 gaming
204,big data
205,iis
206,css
207,telehealth
208,innovation
209,monitoring
210,powershell
211,office parties
212,react native
213,sustain
214,mandarin
215,.net
216,database admin
217,insider threat
218,computing environment
219,hip
220,intercom
221,telecomhq servers
222,tact
223,ccnp
224,tcp
225,k8
226,pl/s
227,bootstrap 4
228,asp.
229,sunroom
230,application engineer
231,stockport
232,drivers
233,sfmc
234,softwareproduct
235,bbva open
236,software engineer
237,django rest
238,priorit
239,distance vision
240,bachelors degree
241,leetcode
242,biomedical engineering
243,dkim
244,project management
245,nlp/ml
246,searchlight
247,database administration
248,directviz solutions
249,oracle dba
250,pytor
251,esg
252,msp catalyst
253,lambda
254,sap
255,git/bitbucket
256,go
257,oracle database
258,security clearance
259,b2b
260,mssql server
261,maven/grad
262,sdlc
263,telos
264,joro
265,pl/sql
266,cdk
267,continuous integration
268,xml
269,product roadmap
270,constructor.io
271,electronics
272,restores
273,arabesque
274,banking
275,robotics
276,backend development
277,oop
278,rest
279,cassandra
280,cloud stack
281,dynamo
282,ios development
283,bubble
284,ios
285,chinese
286,fda submission
287,node
288,ai/machine
289,sdlm management
290,pinterest
291,thought leadership
292,customer churn
293,al
294,development tools
295,der
296,process automation
297,scala/java
298,integrations
299,cloud
300,hr
301,sfl scientific
302,parking
303,build core
304,ui/ux developer
305,pr
306,eoe statement
307,scss
308,microservices
309,infrastructure/sre/dev
310,cg
311,ms excel
312,command center
313,financial products
314,security engineering
315,webbtree
316,groovy
317,bash
318,insurtech
319,impact-driven
320,people management
321,distilling
322,mathematical/ml
323,microsoft .netframework
324,jquery
325,excel
326,venture-backed
327,alerts
328,mila
329,data
330,database development
331,azure infrastructure
332,laptop security
333,cold restore
334,coordinate
335,data pipelines
336,zscaler
337,evaluation
338,talkdesk
339,video engineering
340,technical writing
341,illust
342,commercial
343,whiteboarding
344,service
345,web api
346,safety
347,computer programmer/analyst
348,c#
349,tensor flow
350,digital strategies
351,multithreading
352,design software
353,predictive analytics
354,npm
355,container
356,linear
357,autodesk
358,deployment
359,digital marketing
360,data management
361,flat
362,pmx
363,tensor
364,shopper marketing
365,web development
366,triaging
367,variance
368,microservice
369,fast growing
370,senior software
371,incident
372,interactive
373,reinforcement learning
374,bash shell
375,semantic machines
376,opensky
377,data scientist
378,jsp
379,cloud big
380,software professionals
381,electrical engineering
382,genetics
383,jad
384,analysis tools
385,cybercod
386,cloud-based storage
387,gcp cloud
388,quant trading
389,perforce
390,oraclems
391,ssis packages
392,grapevine
393,enthusiastic
394,ml/nlp
395,brp products
396,sangoma
397,l2/l3 protocols
398,operationalising strategy
399,affordable
400,junior information
401,hosting services
402,rust
403,aws sagemaker
404,operating systems
405,security analyst
406,ms windows
407,clearstream
408,information streams
409,b2
410,ciso
411,complex data
412,pra
413,tista
414,js node
415,r&
416,graphql
417,mer
418,classification
419,trend analysis
420,data modeling
421,text mining
422,perl
423,open-source
424,clar
425,softwareone
426,java
427,analytical languages
428,bio
429,oracle databases
430,trunk
431,it strategic
432,feature creation
433,kensho
434,ml engineer
435,ui design
436,iec 6
437,customer focused
438,dcips
439,mongo
440,coding
441,bh
442,troubleshoot
443,meriplex communications
444,software testing
445,zcca
446,dialogflow cx
447,consulting
448,nextjs
449,relational databases
450,pulsedata
451,power autom
452,ownership
453,encryption
454,dba
455,cosmos
456,analyze high-throughput
457,fullstack
458,software platform
459,scripting
460,activemq
461,keras
462,oral communication
463,digital transformation
464,amex flex
465,batteries
466,jira
467,sql developer
468,dynamodb
469,biomedical
470,business acumen
471,ux design
472,shiny
473,graph db
474,statistical analysis
475,td securities
476,nodejs
477,close vision
478,drupal
479,ui animations
480,data ware
481,continuous delivery
482,battery engineering
483,sql/ssis developer
484,aviation
485,enterprise experience
486,bay area
487,twitter
488,component
489,object detection
490,safari
491,application development
492,angular js
493,embedded linux
494,pc
495,compass
496,phd
497,model development
498,vs code
499,css 3
500,version control
501,oracle
502,click therapeutics
503,semic
504,data manipulation
505,cloud-led
506,organic grocer
507,procurement
508,laravel
509,nhl
510,commun
511,linux administration
512,iiot
513,system engineer
514,streaming
515,search console
516,matlab
517,data structures
518,iso27001
519,reporting
520,insights
521,scraping
522,erp
523,directory services
524,scripting language(s)
525,data engineering
526,github actions
527,analytics
528,industrial engineering
529,react
530,vuejs
531,color vision
532,lint
533,market research
534,voice over
535,troubleshooting
536,hugging face
537,rest apis
538,automotive
539,sangoma meet
540,telesign
541,azure ad
542,teradata
543,engineering rig
544,maps
545,elastic stack
546,protocols
547,microstation
548,financial wellbeing
549,online
550,mission-driven
551,code-
552,openai
553,os installations
554,js
555,unix/linux
556,supportive
557,apple maps
558,apache druid
559,gs-13
560,dataflow
561,blazor
562,etcagile
563,programming
564,api design
565,english
566,beeline
567,unit tests
568,advanced analytics
569,entity resolution
570,ccpa
571,sql server
572,lateral thinking
573,agile software
574,mctip
575,it recruiter
576,lockton
577,ssl
578,financial services
579,scala
580,tele
581,strategic growth
582,ar/
583,mcse
584,unity
585,summary services
586,task management
587,lp analyst
588,ms word
589,law
590,interpersonal skills
591,database engineering
592,robots
593,ecmas
594,video
595,microsoft t-sql
596,visual concepts
597,telecom technology
598,chrome
599,digital experiences
600,waymo
601,ai/ml/nlp
602,automl
603,spark ml
604,cellular data
605,flexible
606,jenkins
607,frontend developer
608,mbas
609,webpack
610,perm
611,backend engineer
612,vc
613,accounting
614,hippa
615,public cloud
616,crm
617,actuarial science
618,machine vision
619,rb:dba
620,iphone
621,parsing
622,azure storage
623,pandas
624,saml
625,statistics
626,tactical
627,maintenance
628,plsql
629,sota
630,sof
631,gitkraken
632,ui automation
633,cognitive engineering
634,powerbi
635,cloud programming
636,quantitative sciences
637,problem solving
638,transportation
639,ts
640,natura
641,legislation
642,os fundamentals
643,android
644,degree
645,emea
646,cybersecurity principles
647,windows azure
648,coinlist
649,cloud-based
650,mongo db
651,job introduction
652,business solutions
653,predictive modeling
654,azure database
655,cpat
656,azure sql
657,integration
658,telemedicine
659,snort/suricata
660,digital twins
661,software technology
662,database sql
663,digital programs
664,architecture patterns
665,power platform
666,saas
667,cognizant
668,cisco umbrella
669,ai
670,apache spark
671,part developer
672,spark
673,cvs health
674,customer experience
675,employee assistance
676,cross-dis
677,system administration
678,it-
679,digital design
680,collaborative spirit
681,datasets
682,springboot
683,database
684,about usgrid
685,computer programming
686,haskell
687,ci
688,conversational ai
689,amazon ec2
690,twyn
691,poweredge
692,mssql
693,cloud architecture
694,cellular software
695,speech recognition
696,graph
697,js (expressjs)
698,devops engineer
699,functional programming
700,web apis
701,clouds
702,political science
703,testing procedures
704,peace corps/vis
705,call center
706,cloud technologies
707,execution excellence
708,cnn
709,leadership
710,azure adf
711,multivariate calculus
712,information systems
713,secure
714,data analytics
715,salary
716,skiplagged
717,entrepreneurial
718,project
719,network ids
720,es
721,aws dev
722,mydubble
723,compassionate
724,tds
725,altis
726,wysdom
727,jmeter
728,apixio
729,node.
730,genomic
731,ar
732,next.js
733,regional security
734,roblox
735,inworld ai
736,fico
737,power bi
738,software systems
739,scientific excellence
740,jest
741,up
742,fremont
743,typejavascript
744,containerization
745,asp.net mvc
746,space defense
747,database performance
748,ibm
749,vuex
750,nessus
751,mediavine
752,web services
753,functions
754,windows
755,wireless technology
756,virgin orbit
757,cloud platform
758,financial efficiency
759,ui layout
760,cat
761,applications development
762,globalization
763,ssl/tls decryption
764,scope
765,sonarqube
766,mathematics
767,digital technologies
768,applied science
769,software installation
770,bert
771,probability theory
772,detection
773,web app
774,etl performance
775,server provisioning
776,redux
777,administration
778,microsoft sql
779,quality dev
780,ux/ui
781,ml ops
782,inference
783,marvin
784,triage
785,website development
786,css3
787,product
788,restful apis
789,elastic search
790,enterprise architect
791,numerical/language libraries
792,fraud prediction
793,linux/unix
794,additional information
795,aclu
796,pharmaceutical
797,enterprise cloud
798,configuration
799,cloudflare
800,systems management
801,vulnerability management
802,process documentation
803,hipaa
804,digital products
805,react hooks
806,academic partners
807,strategy
808,icloud
809,linear algebra
810,cloud services
811,ip protection
812,database migration
813,fastapi
814,grc software
815,cryptography
816,deep learning
817,df
818,defence
819,cloudwatch
820,node js
821,payments engineering
822,technical
823,rsoc
824,tdd
825,oracle r
826,gol
827,audit reports
828,backend systems
829,framework development
830,q&a
831,twil
832,collections
833,sc
834,rdbms
835,database installation
836,cyber essentials
837,mcp
838,cloud migration
839,privacy notice
840,elasticsearch
841,framework (c#)
842,kubernetes
843,marketo
844,full stack
845,airflow
846,redshift
847,gwapps
848,web scraping
849,database/infrastructure engineering
850,matrix-management
851,systems administration
852,gis
853,supplier intelligence
854,cohort browser
855,satellite security
856,it
857,openshift
858,mlai engineer
859,expressjs
860,embedded
861,firmware
862,contract manufacturing
863,ember
864,jupyter
865,ajax
866,junit
867,flexible working
868,cdn
869,operations research
870,kudelski
871,flex
872,resmed
873,semantic recognition
874,postgres
875,system engineering
876,osint
877,healthcare systems
878,mvp
879,modeling
880,dev10
881,wireless software
882,tarion infrastructure
883,git/github
884,microsoft development
885,technology solutions
886,platform engineering
887,google business
888,algorithms
889,el
890,vmware
891,database querying
892,artificial intelligence
893,etl developer
894,swissport
895,data platform
896,risk control
897,amazon azure
898,information synthesis
899,nuxt
900,strategic thinking
901,enterprise engineering
902,software engineering
903,text classification
904,microsoft .net
905,technical challenges
906,endpoint protection
907,shockwave
908,nimblerx
909,web3
910,opengl
911,sql programmer
912,meta
913,firewalls
914,webgl
915,devsec
916,visionary
917,threat modeling
918,bachelors
919,model
920,participation
921,cartrawler
922,decision tree
923,modern javascript
924,estimating
925,adaptability
926,react-based web
927,angular
928,vertex ai
929,multivariable calculus
930,spring
931,ui/ux design
932,physicists
933,oracle rac
934,design principles
935,assembly
936,data analysis
937,commercial real
938,data cleansing
939,cloud functions
940,website design
941,kl
942,lan
943,video communications
944,risk assessment
945,classdojo
946,storage management
947,threat hunting
948,product development
949,github
950,product design
951,dom manipulation
952,powerpoint
953,process improvement
954,angular.js
955,infrastructure engineer
956,machine
957,ms sql
958,computer vision
959,mentorshiplead
960,freight
961,network engineering
962,customer relationships
963,aw
964,databases
965,diversity
966,self-employment
967,bs
968,developer
969,ml/ai
970,security
971,augmented reality
972,data wrangling
973,php
974,ccna
975,cloud computing
976,problem-solving
977,nimble
978,process transformation
979,itunes
980,sip
981,javascript/
982,high qps
983,vivosense
984,spark mllib
985,bonus
986,cloud devops
987,vue
988,codepilot
989,masters
990,geolance
991,roktrokt
992,design
993,stackpros
994,kudelski security
995,database engineer
996,architecture
997,mac
998,robotic-assisted surgery
999,camel
1000,techinsights
1001,power
1002,information security
1003,objective-c
1004,dlp
1005,operation
1006,hcltech
1007,frontend engineer
1008,scikit-learn
1009,medical/dental/vision
1010,middleware/api engineering
1011,colossusbets
1012,analysis
1013,isla
1014,risk management
1015,financial data
1016,leaderboards
1017,rebeca
1018,web technologies
1019,computational linguistics
1020,video analysis
1021,json
1022,cybersecurity systems-savvy
1023,justeat
1024,aws (
1025,statistical
1026,intrusion analysis
1027,regression analysis
1028,paddy power
1029,data-driven infrastructure
1030,soho
1031,praxis
1032,system performance
1033,ros
1034,capacity management
1035,communication skills
1036,analytical mindset
1037,signal processing
1038,mpp
1039,ui
1040,invitae
1041,iac
1042,grammarly
1043,asp.net web
1044,software design
1045,cybersecurity assessment
1046,battery
1047,kotlin
1048,angular-cli
1049,azure data
1050,creative thinking
1051,back-end engineering
1052,ediscovery
1053,medical genetics
1054,microsoft office
1055,review incoming
1056,inscribe
1057,sdlc/pm
1058,figma
1059,air transat
1060,cloud security
1061,eurofins
1062,analyst
1063,microsoft environment
1064,cloud+
1065,mat
1066,story
1067,net/asp.net
1068,investigation
1069,azure devops
1070,spatial computing
1071,relational database
1072,rails
1073,design-driven
1074,dynamic
1075,information
1076,headless cms
1077,product management
1078,golang
1079,restful
1080,dmi
1081,reactjs
1082,web frameworks
1083,qnx
1084,cloud engineering
1085,routing
1086,software
1087,jr. dba
1088,data architecture
1089,software factory
1090,corporate security
1091,t-sql
1092,azure
1093,jmp
1094,npr 7150.2
1095,birdies
1096,people analytics
1097,wifi
1098,database administrator
1099,enterprise
1100,cloud engineer
1101,cyber strategy
1102,iat ii
1103,frontend
1104,3d re-construction
1105,numpy
1106,knowledge graphs
1107,inc. is
1108,cloudformation
1109,threat
1110,mdr
1111,object detection/
1112,data-led
1113,sustain.life
1114,vue.js
1115,saa
1116,cbg
1117,carbon chain
1118,aws/az
1119,cookies
1120,ambulatory
1121,programming languages
1122,azure iaas/p
1123,cybersecurity analyst
1124,data classification
1125,bitbucket
1126,devsecops
1127,es6
1128,interpersonal
1129,oltp
1130,kindersystem
1131,r&d
1132,entity framework
1133,eos
1134,heroku
1135,game technology
1136,bi tools
1137,pyhon
1138,statistical testing
1139,clearly
1140,fullstack engineer
1141,cybersecurity engineer
1142,test automation
1143,it applications
1144,epigenomic
1145,workforce intelligence
1146,lockheed
1147,fast api
1148,ai/ml engineer
1149,javascript
1150,zap
1151,ter
1152,modernization
1153,responsibilities
1154,powerapps
1155,clojure
1156,dolby.io
1157,machine learning
1158,intelligence analysis
1159,customer service
1160,peloton
1161,selective service
1162,serverless
1163,website developer
1164,servicenow
1165,elk
1166,regex
1167,r-
1168,compute
1169,sqletl
1170,ml libraries
1171,lower-level
1172,asset enrollment
1173,java spring
1174,ltimindtree
1175,ruby
1176,pyspark
1177,uart
1178,bel
1179,aws
1180,netapp
1181,unit testing
1182,ut
1183,creativity
1184,nosql
1185,security operations
1186,sfox
1187,rsm
1188,solutions design
1189,ku
1190,ixl learning
1191,microsoft support
1192,glue
1193,web front
1194,buildingsiot
1195,dt
1196,html5
1197,code correctness
1198,llc
1199,automation scripting
1200,state management
1201,ce certification
1202,galileo
1203,db2
1204,consumer insights
1205,powershell/az
1206,software prototyping
1207,ecmascript
1208,e-
1209,front-end developer
1210,professional growth
1211,data validation
1212,gridmatic
1213,engineering
1214,lua
1215,treeline
1216,platform factory
1217,iaas
1218,business professionals
1219,tcl
1220,hardware
1221,ssis
1222,cordova
1223,hopstack
1224,medical fsa
1225,kubernet
1226,collegial
1227,data model
1228,abtran
1229,dl
1230,network
1231,datab
1232,snapdragon ride
1233,apache airflow
1234,source control
1235,azure cli
1236,ai/ml
1237,eager
1238,artifactory
1239,cal
1240,database developer
1241,critical
1242,sql dba
1243,safety manager
1244,analytical mind
1245,network security
1246,user-centered design
1247,usb
1248,iam
1249,os platforms
1250,engineering design
1251,nvidia
1252,cloud implementations
1253,spatial
1254,backendpython
1255,flux
1256,ubuntu/linux
1257,tangelo
1258,no ar
1259,data-related tools
1260,pension employer
1261,technical operations
1262,autopilot
1263,causal inference
1264,safety analyst
1265,postgresql
1266,wealth management
1267,microsoft technologies
1268,active inference
1269,agile methodology
1270,nextiva
1271,emr
1272,direct consumer
1273,rabbitmq
1274,next
1275,kotlin/java
1276,innovative
1277,insurance
1278,it infrastructure
1279,tsql
1280,front-end
1281,cobit/risk it
1282,data protection
1283,monitors
1284,bi
1285,contextual
1286,entrepreneurship
1287,scalable
1288,tarion
1289,transit
1290,impact data
1291,intelligent
1292,rest api
1293,api development
1294,jvm
1295,visualization
1296,rdb
1297,adobe
1298,trustpilot
1299,sc clearance
1300,cemco
1301,visualization tools
1302,cloud infrastructure
1303,college student
1304,arcmap
1305,azure cloud
1306,data quality
1307,security monitoring
1308,mba
1309,sk
1310,senior director
1311,retail industry
1312,flutter
1313,dart/flutter
1314,vae
1315,ort
1316,ssrs
1317,intrav
1318,applied research
1319,data visualizations
1320,tcp/ip networking
1321,ce
1322,it management
1323,maven
1324,scrum master
1325,networks
1326,javascript/typesc
1327,behavioral science
1328,algorithms engineering
1329,critical thinking
1330,grc area
1331,optimization methods
1332,klarity
1333,polyglots
1334,dod
1335,passionate
1336,3d reconstruction
1337,slack
1338,business strategy
1339,rpa
1340,sundae
1341,computer science
1342,s&e
1343,etl/
1344,gsoc
1345,osaro
1346,vitality
1347,iot sticker
1348,realitykit
1349,process enhancements
1350,intrusion detection/pre
1351,site operation
1352,spf
1353,inclusion
1354,google sl
1355,microsoft entra
1356,docker
1357,devops
1358,drug testing
1359,zest ai
1360,asp.net core
1361,satellite data
1362,html
1363,intune
1364,excel macros
1365,wi-fi
1366,tcp/
1367,data strategy
1368,ms office
1369,data visualization
1370,it systems
1371,blue
1372,predictive maintenance
1373,python
1374,micro-inter
1375,conversationally interactive
1376,pragmatic
1377,customer-oriented
1378,unix
1379,vistrada
1380,certifications
1381,coinbase
1382,core
1383,oracle cloud
1384,incident response
1385,collaborative
1386,vulnerability scanning
1387,performance metrics
1388,robotic
1389,certified cyber
1390,comfort technologies
1391,probabilistic
1392,cv
1393,debugging/profiling
1394,problem identification
1395,automation
1396,html 5
1397,data-powered
1398,commercial finance
1399,net
1400,web 3.
1401,nan
1402,database design
1403,blend360
1404,tcp/udp
1405,arcsight
1406,cobit/
1407,embedded systems
1408,silicon labs
1409,angular 9
1410,centric smb
1411,gl
1412,omnisys
1413,laptop backup
1414,apple computer
1415,model interpret
1416,ui level
1417,career assistance
1418,arista networks
1419,bpss
1420,it services
1421,stack
1422,poweredge server
1423,darkp
1424,remote working
1425,apis
1426,device management
1427,audit
1428,pharmac
1429,syntegra
1430,computer engineering
1431,linux
1432,arcgis
1433,confluence
1434,dialogflow
1435,b.s.
1436,iot platform
1437,caf
1438,security+
1439,biomedical nlp
1440,people skills
1441,security software
1442,chatbot development
1443,cloud native
1444,3d geometry
1445,datavisor
1446,.netplatform modernisation
1447,business analysis
1448,sangoma technologies
1449,fleet
1450,mathematic
1451,ss
1452,culture-focused
1453,telecom networks
1454,py
1455,load testing
1456,physics
1457,tuning
1458,government
1459,akka
1460,cm
1461,aws govcloud-native
1462,web/
1463,data stack
1464,shell
1465,gs
1466,threat analysis
1467,video processing
1468,dolby
1469,open source
1470,windows server
1471,sql database
1472,validation
1473,teamwork
1474,redis
1475,techie
1476,angular 6
1477,prescription discounts
1478,team ethic
1479,technology risk
1480,big/
1481,seim
1482,innovation management
1483,marketing
1484,statistical modeling
1485,customer support
1486,angularjs
1487,life sciences
1488,research analyst
1489,ml software
1490,wordpress
1491,excellent communicator
1492,data solutions
1493,streamforge
1494,privacy
1495,microsoft teams
1496,process mining
1497,clinical research
1498,ti
1499,canada
1500,decision science
1501,talend
1502,flexibility
1503,recommender systems
1504,java script
1505,vs studio
1506,five9
1507,sql
1508,transformers
1509,cyber
1510,contracts
1511,smb
1512,pl
1513,managing projects
1514,hpc
1515,ai engineer
1516,github prs
1517,css grid
1518,microsoft power
1519,azure paas
1520,data integration
1521,msc.
1522,dataiku
1523,cyber security
1524,pimco
1525,kafka
1526,node.js
1527,nlp/
1528,design patterns
1529,global talent
1530,3d
1531,fullstack developer
1532,curious
1533,snowflake
1534,anti-virus
1535,cism
1536,gps
1537,collaborate
1538,people operations
1539,google cloud
1540,data mining
1541,application skills
1542,ml frameworks
1543,zest.ai
1544,cyber defense
1545,logs
1546,d&i
1547,informatica
1548,ottawa east
1549,jazzhrglbi
1550,tensorflow
1551,security controls
1552,script
1553,backend
1554,azure dev
1555,configuration management
1556,gan
1557,verification automation
1558,ec2
1559,multim
1560,process re
1561,technology development
1562,google docs
1563,swift
1564,cyber range
1565,cdpse
1566,database developer/analyst
1567,bitcoin
1568,patch
1569,photoshop
1570,code
1571,flask
1572,corporate accounting
1573,validation scanning
1574,wifi location
1575,mlops
1576,senior devops
1577,angular 2
1578,continuous improvement
1579,flexbox
1580,recovery
1581,entrepreneurial leadership
1582,research
1583,saltstack
1584,mntn
1585,ict
1586,postman +
1587,cyber intelligence
1588,apache
1589,data models
1590,scale
1591,google analytics
1592,it security
1593,clarity ai
1594,contract development
1595,quantitative
1596,pietra
1597,integrity
1598,aurora
1599,adga
1600,currently
1601,power automate
1602,software development
1603,distributed architecture
1604,advisory
1605,sql agent
1606,site rel
1607,splunk
1608,enterprise working
1609,lead engineer
1610,action
1611,j2ee
1612,data security
1613,sedentary
1614,hci
1615,programmatic
1616,secure web
1617,soc analyst
1618,technology services
1619,information technology
1620,evertz
1621,bsc
1622,macos
1623,playstation
1624,chatgpt
1625,web developer
1626,sunwing
1627,mobile development
1628,ux
1629,cyber threat
1630,propensity modeling
1631,outlook
1632,ms
1633,allied universal
1634,backup
1635,mern stack
1636,mysql
1637,exacc
1638,3d engines
1639,stats
1640,firewall
1641,ald
1642,bootstrap
1643,tegria
1644,malware analysis
1645,3d knitting
1646,biomedic
1647,college degree
1648,career
1649,microsoft stack
1650,safety controls
1651,other
1652,pl-sql
1653,virtualitics
1654,apollo graphql
1655,ai research
1656,data analyst
1657,vertica
1658,mern technologies
1659,coa development
1660,craftsmanship
1661,vba
1662,datalex
1663,infosec analyst
1664,dev-ops
1665,software developers
1666,web design
1667,buildings
1668,applied mathematics
1669,configurations
1670,ai/machine learning
1671,warp
1672,os
1673,java3
